<?xml version="1.0" encoding="utf-8"?>
<!--
    License AGPL-3.0 or later (https://www.gnu.org/licenses/agpl).
-->
<odoo noupdate="1">

    <record id="res_currency_rate_provider_multicompany" model="ir.rule">
        <field name="name">Current Rates Provider multi-company</field>
        <field name="model_id" ref="model_res_currency_rate_provider"/>
        <field eval="True" name="global"/>
        <field name="domain_force">['|', ('company_id', '=', False), ('company_id', 'child_of', [user.company_id.id])]</field>
    </record>

</odoo>
