<?xml version="1.0" ?>
<!--
    Copyright 2019 Brainbean Apps (https://brainbeanapps.com)
    License AGPL-3.0 or later (https://www.gnu.org/licenses/agpl).
-->
<odoo noupdate="1">

    <record model="ir.cron" id="ir_cron_currency_rates_update_every_day">
        <field name="name">Currency Rates Update (OCA) daily</field>
        <field name="interval_number">1</field>
        <field name="interval_type">days</field>
        <field name="numbercall">-1</field>
        <field name="state">code</field>
        <field name="nextcall" >2019-01-01 00:01:00</field>
        <field name="doall" eval="False"/>
        <field name="model_id" ref="currency_rate_update.model_res_currency_rate_provider"/>
        <field name="code">model._scheduled_update()</field>
    </record>

</odoo>
